<?xml version="1.0" encoding="UTF-8"?>
<beans xmlns="http://www.springframework.org/schema/beans"
	xmlns:xsi="http://www.w3.org/2001/XMLSchema-instance"
	xmlns:int="http://www.springframework.org/schema/integration"
	xmlns:context="http://www.springframework.org/schema/context"
	xmlns:int-file="http://www.springframework.org/schema/integration/file"
	xmlns:task="http://www.springframework.org/schema/task"
	xmlns:int-ftp="http://www.springframework.org/schema/integration/ftp"
	xsi:schemaLocation="http://www.springframework.org/schema/task http://www.springframework.org/schema/task/spring-task-4.3.xsd
		http://www.springframework.org/schema/beans http://www.springframework.org/schema/beans/spring-beans.xsd
		http://www.springframework.org/schema/context http://www.springframework.org/schema/context/spring-context.xsd
		http://www.springframework.org/schema/integration/file http://www.springframework.org/schema/integration/file/spring-integration-file-4.3.xsd
		http://www.springframework.org/schema/integration/ftp http://www.springframework.org/schema/integration/ftp/spring-integration-ftp.xsd
		http://www.springframework.org/schema/integration http://www.springframework.org/schema/integration/spring-integration.xsd">

	<context:property-placeholder />

	<bean id="ftpClientFactory" class="org.springframework.integration.ftp.session.DefaultFtpSessionFactory">
		<property name="host" value="localhost"/>
		<property name="port" value="21"/>
		<property name="username" value="Tiwari"/>
		<property name="password" value="*******"/>
	</bean>
	
	<int-ftp:inbound-channel-adapter 
		session-factory="ftpClientFactory" 
		local-directory="file:src/test/write"
		remote-directory="files"
		channel="ftpChannel"
		delete-remote-files="true">
		<int:poller fixed-rate="5000"></int:poller>
	</int-ftp:inbound-channel-adapter>	
	
	<int:channel id="ftpChannel"/>
		
	<int:service-activator ref="filePrinter" method="print" input-channel="ftpChannel"/>
	
	<bean id="filePrinter" class="com.example.FilePrinter"/>
	
</beans>